TestName,TestDate,Sucrose [M],Fructose[M],Plate,Well,RowLetter,ColumnNumber,Sample,Aliquot,Point,Round,Repeat,ZStack,SpectrumName,DateTime,Position [um],Temperature [C],Humidity [1/100],Spectro_Temp [C],Laser power [mW],Excitation wavelength [nm],Objective,Objective_Maker,Objective_Magnification,Objective_NA,Objective_WD,Objective_Immersion,Objective_Tube_Lens_f,Spectrometer integration time [s],Spectrometer number of accumulations,Spectrometer temperature [C],Spectrometer acquisition mode,Spectrometer read mode,Spectrometer trigger mode,Magnification,Spot_Size,Laser_Offset,Mix
TRUST-MDX,2024-03-03,,,15,A01,A,01,1345,A,1,1,1,0,TRUST-MDX_2024-03-03_PLT-15_WELL-A01_SAMP-1345_ALQ-A_PNT-1_RND-1_REP-1,2024-03-03 13:47:08,"[105.2, 6.4, 499.95674540000005]",N/A,N/A,-59,30.9,785,N PLAN 10x/0.25,LEICA,10.0,0.25,5.8,Air,200.0,7.5,1,-64,1,0,0,10.0,80.0,"[nan, nan]",43
TRUST-MDX,2024-03-03,,,15,A01,A,01,1345,A,1,1,2,0,TRUST-MDX_2024-03-03_PLT-15_WELL-A01_SAMP-1345_ALQ-A_PNT-1_RND-1_REP-2,2024-03-03 13:47:16,"[105.2, 6.4, 499.95674540000005]",N/A,N/A,-59,30.9,785,N PLAN 10x/0.25,LEICA,10.0,0.25,5.8,Air,200.0,7.5,1,-64,1,0,0,10.0,80.0,"[nan, nan]",43
TRUST-MDX,2024-03-03,,,15,A01,A,01,1345,A,1,1,3,0,TRUST-MDX_2024-03-03_PLT-15_WELL-A01_SAMP-1345_ALQ-A_PNT-1_RND-1_REP-3,2024-03-03 13:47:24,"[105.2, 6.4, 499.95674540000005]",N/A,N/A,-59,30.9,785,N PLAN 10x/0.25,LEICA,10.0,0.25,5.8,Air,200.0,7.5,1,-64,1,0,0,10.0,80.0,"[nan, nan]",43
TRUST-MDX,2024-03-03,,,15,A02,A,02,1346,A,1,1,1,0,TRUST-MDX_2024-03-03_PLT-15_WELL-A02_SAMP-1346_ALQ-A_PNT-1_RND-1_REP-1,2024-03-03 13:47:33,"[96.2, 6.4, 499.95674540000005]",N/A,N/A,-59,30.9,785,N PLAN 10x/0.25,LEICA,10.0,0.25,5.8,Air,200.0,7.5,1,-64,1,0,0,10.0,80.0,"[nan, nan]",43
TRUST-MDX,2024-03-03,,,15,A02,A,02,1346,A,1,1,2,0,TRUST-MDX_2024-03-03_PLT-15_WELL-A02_SAMP-1346_ALQ-A_PNT-1_RND-1_REP-2,2024-03-03 13:47:41,"[96.2, 6.4, 499.95674540000005]",N/A,N/A,-59,30.9,785,N PLAN 10x/0.25,LEICA,10.0,0.25,5.8,Air,200.0,7.5,1,-64,1,0,0,10.0,80.0,"[nan, nan]",43
TRUST-MDX,2024-03-03,,,15,A02,A,02,1346,A,1,1,3,0,TRUST-MDX_2024-03-03_PLT-15_WELL-A02_SAMP-1346_ALQ-A_PNT-1_RND-1_REP-3,2024-03-03 13:47:49,"[96.2, 6.4, 499.95674540000005]",N/A,N/A,-59,30.9,785,N PLAN 10x/0.25,LEICA,10.0,0.25,5.8,Air,200.0,7.5,1,-64,1,0,0,10.0,80.0,"[nan, nan]",43
TRUST-MDX,2024-03-03,,,15,A03,A,03,1347,A,1,1,1,0,TRUST-MDX_2024-03-03_PLT-15_WELL-A03_SAMP-1347_ALQ-A_PNT-1_RND-1_REP-1,2024-03-03 13:47:58,"[87.2, 6.4, 499.95674540000005]",N/A,N/A,-59,30.9,785,N PLAN 10x/0.25,LEICA,10.0,0.25,5.8,Air,200.0,7.5,1,-64,1,0,0,10.0,80.0,"[nan, nan]",43
TRUST-MDX,2024-03-03,,,15,A03,A,03,1347,A,1,1,2,0,TRUST-MDX_2024-03-03_PLT-15_WELL-A03_SAMP-1347_ALQ-A_PNT-1_RND-1_REP-2,2024-03-03 13:48:06,"[87.2, 6.4, 499.95674540000005]",N/A,N/A,-59,30.9,785,N PLAN 10x/0.25,LEICA,10.0,0.25,5.8,Air,200.0,7.5,1,-64,1,0,0,10.0,80.0,"[nan, nan]",43
TRUST-MDX,2024-03-03,,,15,A03,A,03,1347,A,1,1,3,0,TRUST-MDX_2024-03-03_PLT-15_WELL-A03_SAMP-1347_ALQ-A_PNT-1_RND-1_REP-3,2024-03-03 13:48:14,"[87.2, 6.4, 499.95674540000005]",N/A,N/A,-59,30.9,785,N PLAN 10x/0.25,LEICA,10.0,0.25,5.8,Air,200.0,7.5,1,-64,1,0,0,10.0,80.0,"[nan, nan]",43
TRUST-MDX,2024-03-03,,,15,A04,A,04,1348,A,1,1,1,0,TRUST-MDX_2024-03-03_PLT-15_WELL-A04_SAMP-1348_ALQ-A_PNT-1_RND-1_REP-1,2024-03-03 13:48:23,"[78.2, 6.4, 499.95674540000005]",N/A,N/A,-59,30.9,785,N PLAN 10x/0.25,LEICA,10.0,0.25,5.8,Air,200.0,7.5,1,-64,1,0,0,10.0,80.0,"[nan, nan]",43
TRUST-MDX,2024-03-03,,,15,A04,A,04,1348,A,1,1,2,0,TRUST-MDX_2024-03-03_PLT-15_WELL-A04_SAMP-1348_ALQ-A_PNT-1_RND-1_REP-2,2024-03-03 13:48:31,"[78.2, 6.4, 499.95674540000005]",N/A,N/A,-59,30.9,785,N PLAN 10x/0.25,LEICA,10.0,0.25,5.8,Air,200.0,7.5,1,-64,1,0,0,10.0,80.0,"[nan, nan]",43
TRUST-MDX,2024-03-03,,,15,A04,A,04,1348,A,1,1,3,0,TRUST-MDX_2024-03-03_PLT-15_WELL-A04_SAMP-1348_ALQ-A_PNT-1_RND-1_REP-3,2024-03-03 13:48:38,"[78.2, 6.4, 499.95674540000005]",N/A,N/A,-59,30.9,785,N PLAN 10x/0.25,LEICA,10.0,0.25,5.8,Air,200.0,7.5,1,-64,1,0,0,10.0,80.0,"[nan, nan]",43
TRUST-MDX,2024-03-03,,,15,A05,A,05,1349,A,1,1,1,0,TRUST-MDX_2024-03-03_PLT-15_WELL-A05_SAMP-1349_ALQ-A_PNT-1_RND-1_REP-1,2024-03-03 13:48:48,"[69.2, 6.4, 499.95674540000005]",N/A,N/A,-59,30.9,785,N PLAN 10x/0.25,LEICA,10.0,0.25,5.8,Air,200.0,7.5,1,-64,1,0,0,10.0,80.0,"[nan, nan]",43
TRUST-MDX,2024-03-03,,,15,A05,A,05,1349,A,1,1,2,0,TRUST-MDX_2024-03-03_PLT-15_WELL-A05_SAMP-1349_ALQ-A_PNT-1_RND-1_REP-2,2024-03-03 13:48:56,"[69.2, 6.4, 499.95674540000005]",N/A,N/A,-59,30.9,785,N PLAN 10x/0.25,LEICA,10.0,0.25,5.8,Air,200.0,7.5,1,-64,1,0,0,10.0,80.0,"[nan, nan]",43
TRUST-MDX,2024-03-03,,,15,A05,A,05,1349,A,1,1,3,0,TRUST-MDX_2024-03-03_PLT-15_WELL-A05_SAMP-1349_ALQ-A_PNT-1_RND-1_REP-3,2024-03-03 13:49:03,"[69.2, 6.4, 499.95674540000005]",N/A,N/A,-59,30.9,785,N PLAN 10x/0.25,LEICA,10.0,0.25,5.8,Air,200.0,7.5,1,-64,1,0,0,10.0,80.0,"[nan, nan]",43
TRUST-MDX,2024-03-03,,,15,A06,A,06,1350,A,1,1,1,0,TRUST-MDX_2024-03-03_PLT-15_WELL-A06_SAMP-1350_ALQ-A_PNT-1_RND-1_REP-1,2024-03-03 13:49:13,"[60.2, 6.4, 499.95674540000005]",N/A,N/A,-59,30.9,785,N PLAN 10x/0.25,LEICA,10.0,0.25,5.8,Air,200.0,7.5,1,-64,1,0,0,10.0,80.0,"[nan, nan]",43
TRUST-MDX,2024-03-03,,,15,A06,A,06,1350,A,1,1,2,0,TRUST-MDX_2024-03-03_PLT-15_WELL-A06_SAMP-1350_ALQ-A_PNT-1_RND-1_REP-2,2024-03-03 13:49:21,"[60.2, 6.4, 499.95674540000005]",N/A,N/A,-59,30.9,785,N PLAN 10x/0.25,LEICA,10.0,0.25,5.8,Air,200.0,7.5,1,-64,1,0,0,10.0,80.0,"[nan, nan]",43
TRUST-MDX,2024-03-03,,,15,A06,A,06,1350,A,1,1,3,0,TRUST-MDX_2024-03-03_PLT-15_WELL-A06_SAMP-1350_ALQ-A_PNT-1_RND-1_REP-3,2024-03-03 13:49:28,"[60.2, 6.4, 499.95674540000005]",N/A,N/A,-59,30.9,785,N PLAN 10x/0.25,LEICA,10.0,0.25,5.8,Air,200.0,7.5,1,-64,1,0,0,10.0,80.0,"[nan, nan]",43
TRUST-MDX,2024-03-03,,,15,A07,A,07,1351,A,1,1,1,0,TRUST-MDX_2024-03-03_PLT-15_WELL-A07_SAMP-1351_ALQ-A_PNT-1_RND-1_REP-1,2024-03-03 13:49:38,"[51.2, 6.4, 499.95674540000005]",N/A,N/A,-59,30.9,785,N PLAN 10x/0.25,LEICA,10.0,0.25,5.8,Air,200.0,7.5,1,-64,1,0,0,10.0,80.0,"[nan, nan]",43
TRUST-MDX,2024-03-03,,,15,A07,A,07,1351,A,1,1,2,0,TRUST-MDX_2024-03-03_PLT-15_WELL-A07_SAMP-1351_ALQ-A_PNT-1_RND-1_REP-2,2024-03-03 13:49:46,"[51.2, 6.4, 499.95674540000005]",N/A,N/A,-59,30.9,785,N PLAN 10x/0.25,LEICA,10.0,0.25,5.8,Air,200.0,7.5,1,-64,1,0,0,10.0,80.0,"[nan, nan]",43
TRUST-MDX,2024-03-03,,,15,A07,A,07,1351,A,1,1,3,0,TRUST-MDX_2024-03-03_PLT-15_WELL-A07_SAMP-1351_ALQ-A_PNT-1_RND-1_REP-3,2024-03-03 13:49:53,"[51.2, 6.4, 499.95674540000005]",N/A,N/A,-59,30.9,785,N PLAN 10x/0.25,LEICA,10.0,0.25,5.8,Air,200.0,7.5,1,-64,1,0,0,10.0,80.0,"[nan, nan]",43
TRUST-MDX,2024-03-03,,,15,A08,A,08,1352,A,1,1,1,0,TRUST-MDX_2024-03-03_PLT-15_WELL-A08_SAMP-1352_ALQ-A_PNT-1_RND-1_REP-1,2024-03-03 13:50:03,"[42.2, 6.4, 499.95674540000005]",N/A,N/A,-59,30.9,785,N PLAN 10x/0.25,LEICA,10.0,0.25,5.8,Air,200.0,7.5,1,-64,1,0,0,10.0,80.0,"[nan, nan]",43
TRUST-MDX,2024-03-03,,,15,A08,A,08,1352,A,1,1,2,0,TRUST-MDX_2024-03-03_PLT-15_WELL-A08_SAMP-1352_ALQ-A_PNT-1_RND-1_REP-2,2024-03-03 13:50:10,"[42.2, 6.4, 499.95674540000005]",N/A,N/A,-59,30.9,785,N PLAN 10x/0.25,LEICA,10.0,0.25,5.8,Air,200.0,7.5,1,-64,1,0,0,10.0,80.0,"[nan, nan]",43
TRUST-MDX,2024-03-03,,,15,A08,A,08,1352,A,1,1,3,0,TRUST-MDX_2024-03-03_PLT-15_WELL-A08_SAMP-1352_ALQ-A_PNT-1_RND-1_REP-3,2024-03-03 13:50:18,"[42.2, 6.4, 499.95674540000005]",N/A,N/A,-59,30.9,785,N PLAN 10x/0.25,LEICA,10.0,0.25,5.8,Air,200.0,7.5,1,-64,1,0,0,10.0,80.0,"[nan, nan]",43
TRUST-MDX,2024-03-03,,,15,A09,A,09,1353,A,1,1,1,0,TRUST-MDX_2024-03-03_PLT-15_WELL-A09_SAMP-1353_ALQ-A_PNT-1_RND-1_REP-1,2024-03-03 13:50:28,"[33.2, 6.4, 499.95674540000005]",N/A,N/A,-59,30.9,785,N PLAN 10x/0.25,LEICA,10.0,0.25,5.8,Air,200.0,7.5,1,-64,1,0,0,10.0,80.0,"[nan, nan]",43
TRUST-MDX,2024-03-03,,,15,A09,A,09,1353,A,1,1,2,0,TRUST-MDX_2024-03-03_PLT-15_WELL-A09_SAMP-1353_ALQ-A_PNT-1_RND-1_REP-2,2024-03-03 13:50:35,"[33.2, 6.4, 499.95674540000005]",N/A,N/A,-59,30.9,785,N PLAN 10x/0.25,LEICA,10.0,0.25,5.8,Air,200.0,7.5,1,-64,1,0,0,10.0,80.0,"[nan, nan]",43
TRUST-MDX,2024-03-03,,,15,A09,A,09,1353,A,1,1,3,0,TRUST-MDX_2024-03-03_PLT-15_WELL-A09_SAMP-1353_ALQ-A_PNT-1_RND-1_REP-3,2024-03-03 13:50:43,"[33.2, 6.4, 499.95674540000005]",N/A,N/A,-59,30.9,785,N PLAN 10x/0.25,LEICA,10.0,0.25,5.8,Air,200.0,7.5,1,-64,1,0,0,10.0,80.0,"[nan, nan]",43
TRUST-MDX,2024-03-03,,,15,A10,A,10,1354,A,1,1,1,0,TRUST-MDX_2024-03-03_PLT-15_WELL-A10_SAMP-1354_ALQ-A_PNT-1_RND-1_REP-1,2024-03-03 13:50:53,"[24.2, 6.4, 499.95674540000005]",N/A,N/A,-59,30.9,785,N PLAN 10x/0.25,LEICA,10.0,0.25,5.8,Air,200.0,7.5,1,-64,1,0,0,10.0,80.0,"[nan, nan]",43
TRUST-MDX,2024-03-03,,,15,A10,A,10,1354,A,1,1,2,0,TRUST-MDX_2024-03-03_PLT-15_WELL-A10_SAMP-1354_ALQ-A_PNT-1_RND-1_REP-2,2024-03-03 13:51:00,"[24.2, 6.4, 500.1684121]",N/A,N/A,-59,30.9,785,N PLAN 10x/0.25,LEICA,10.0,0.25,5.8,Air,200.0,7.5,1,-64,1,0,0,10.0,80.0,"[nan, nan]",43
TRUST-MDX,2024-03-03,,,15,A10,A,10,1354,A,1,1,3,0,TRUST-MDX_2024-03-03_PLT-15_WELL-A10_SAMP-1354_ALQ-A_PNT-1_RND-1_REP-3,2024-03-03 13:51:08,"[24.2, 6.4, 500.1684121]",N/A,N/A,-59,30.9,785,N PLAN 10x/0.25,LEICA,10.0,0.25,5.8,Air,200.0,7.5,1,-64,1,0,0,10.0,80.0,"[nan, nan]",43
TRUST-MDX,2024-03-03,,,15,A11,A,11,1355,A,1,1,1,0,TRUST-MDX_2024-03-03_PLT-15_WELL-A11_SAMP-1355_ALQ-A_PNT-1_RND-1_REP-1,2024-03-03 13:51:18,"[15.2, 6.4, 499.95674540000005]",N/A,N/A,-59,30.9,785,N PLAN 10x/0.25,LEICA,10.0,0.25,5.8,Air,200.0,7.5,1,-64,1,0,0,10.0,80.0,"[nan, nan]",43
TRUST-MDX,2024-03-03,,,15,A11,A,11,1355,A,1,1,2,0,TRUST-MDX_2024-03-03_PLT-15_WELL-A11_SAMP-1355_ALQ-A_PNT-1_RND-1_REP-2,2024-03-03 13:51:25,"[15.2, 6.4, 499.95674540000005]",N/A,N/A,-59,30.9,785,N PLAN 10x/0.25,LEICA,10.0,0.25,5.8,Air,200.0,7.5,1,-64,1,0,0,10.0,80.0,"[nan, nan]",43
TRUST-MDX,2024-03-03,,,15,A11,A,11,1355,A,1,1,3,0,TRUST-MDX_2024-03-03_PLT-15_WELL-A11_SAMP-1355_ALQ-A_PNT-1_RND-1_REP-3,2024-03-03 13:51:33,"[15.2, 6.4, 499.95674540000005]",N/A,N/A,-59,30.9,785,N PLAN 10x/0.25,LEICA,10.0,0.25,5.8,Air,200.0,7.5,1,-64,1,0,0,10.0,80.0,"[nan, nan]",43
TRUST-MDX,2024-03-03,,,15,A12,A,12,1356,A,1,1,1,0,TRUST-MDX_2024-03-03_PLT-15_WELL-A12_SAMP-1356_ALQ-A_PNT-1_RND-1_REP-1,2024-03-03 13:51:43,"[6.2, 6.4, 499.95674540000005]",N/A,N/A,-59,30.9,785,N PLAN 10x/0.25,LEICA,10.0,0.25,5.8,Air,200.0,7.5,1,-64,1,0,0,10.0,80.0,"[nan, nan]",43
TRUST-MDX,2024-03-03,,,15,A12,A,12,1356,A,1,1,2,0,TRUST-MDX_2024-03-03_PLT-15_WELL-A12_SAMP-1356_ALQ-A_PNT-1_RND-1_REP-2,2024-03-03 13:51:50,"[6.2, 6.4, 499.95674540000005]",N/A,N/A,-59,30.9,785,N PLAN 10x/0.25,LEICA,10.0,0.25,5.8,Air,200.0,7.5,1,-64,1,0,0,10.0,80.0,"[nan, nan]",43
TRUST-MDX,2024-03-03,,,15,A12,A,12,1356,A,1,1,3,0,TRUST-MDX_2024-03-03_PLT-15_WELL-A12_SAMP-1356_ALQ-A_PNT-1_RND-1_REP-3,2024-03-03 13:51:58,"[6.2, 6.4, 499.95674540000005]",N/A,N/A,-59,30.9,785,N PLAN 10x/0.25,LEICA,10.0,0.25,5.8,Air,200.0,7.5,1,-64,1,0,0,10.0,80.0,"[nan, nan]",43
TRUST-MDX,2024-03-03,,,15,B01,B,01,1357,A,1,1,1,0,TRUST-MDX_2024-03-03_PLT-15_WELL-B01_SAMP-1357_ALQ-A_PNT-1_RND-1_REP-1,2024-03-03 13:52:09,"[105.2, 15.4, 499.95674540000005]",N/A,N/A,-59,30.9,785,N PLAN 10x/0.25,LEICA,10.0,0.25,5.8,Air,200.0,7.5,1,-64,1,0,0,10.0,80.0,"[nan, nan]",43
TRUST-MDX,2024-03-03,,,15,B01,B,01,1357,A,1,1,2,0,TRUST-MDX_2024-03-03_PLT-15_WELL-B01_SAMP-1357_ALQ-A_PNT-1_RND-1_REP-2,2024-03-03 13:52:17,"[105.2, 15.4, 499.95674540000005]",N/A,N/A,-59,30.9,785,N PLAN 10x/0.25,LEICA,10.0,0.25,5.8,Air,200.0,7.5,1,-64,1,0,0,10.0,80.0,"[nan, nan]",43
TRUST-MDX,2024-03-03,,,15,B01,B,01,1357,A,1,1,3,0,TRUST-MDX_2024-03-03_PLT-15_WELL-B01_SAMP-1357_ALQ-A_PNT-1_RND-1_REP-3,2024-03-03 13:52:24,"[105.2, 15.4, 499.95674540000005]",N/A,N/A,-59,30.9,785,N PLAN 10x/0.25,LEICA,10.0,0.25,5.8,Air,200.0,7.5,1,-64,1,0,0,10.0,80.0,"[nan, nan]",43
TRUST-MDX,2024-03-03,,,15,B02,B,02,1358,A,1,1,1,0,TRUST-MDX_2024-03-03_PLT-15_WELL-B02_SAMP-1358_ALQ-A_PNT-1_RND-1_REP-1,2024-03-03 13:52:34,"[96.2, 15.4, 499.95674540000005]",N/A,N/A,-59,30.9,785,N PLAN 10x/0.25,LEICA,10.0,0.25,5.8,Air,200.0,7.5,1,-64,1,0,0,10.0,80.0,"[nan, nan]",43
TRUST-MDX,2024-03-03,,,15,B02,B,02,1358,A,1,1,2,0,TRUST-MDX_2024-03-03_PLT-15_WELL-B02_SAMP-1358_ALQ-A_PNT-1_RND-1_REP-2,2024-03-03 13:52:42,"[96.2, 15.4, 499.95674540000005]",N/A,N/A,-59,30.9,785,N PLAN 10x/0.25,LEICA,10.0,0.25,5.8,Air,200.0,7.5,1,-64,1,0,0,10.0,80.0,"[nan, nan]",43
TRUST-MDX,2024-03-03,,,15,B02,B,02,1358,A,1,1,3,0,TRUST-MDX_2024-03-03_PLT-15_WELL-B02_SAMP-1358_ALQ-A_PNT-1_RND-1_REP-3,2024-03-03 13:52:49,"[96.2, 15.4, 499.95674540000005]",N/A,N/A,-59,30.9,785,N PLAN 10x/0.25,LEICA,10.0,0.25,5.8,Air,200.0,7.5,1,-64,1,0,0,10.0,80.0,"[nan, nan]",43
TRUST-MDX,2024-03-03,,,15,B03,B,03,1359,A,1,1,1,0,TRUST-MDX_2024-03-03_PLT-15_WELL-B03_SAMP-1359_ALQ-A_PNT-1_RND-1_REP-1,2024-03-03 13:52:59,"[87.2, 15.4, 499.95674540000005]",N/A,N/A,-59,30.9,785,N PLAN 10x/0.25,LEICA,10.0,0.25,5.8,Air,200.0,7.5,1,-64,1,0,0,10.0,80.0,"[nan, nan]",43
TRUST-MDX,2024-03-03,,,15,B03,B,03,1359,A,1,1,2,0,TRUST-MDX_2024-03-03_PLT-15_WELL-B03_SAMP-1359_ALQ-A_PNT-1_RND-1_REP-2,2024-03-03 13:53:07,"[87.2, 15.4, 499.95674540000005]",N/A,N/A,-59,30.9,785,N PLAN 10x/0.25,LEICA,10.0,0.25,5.8,Air,200.0,7.5,1,-64,1,0,0,10.0,80.0,"[nan, nan]",43
TRUST-MDX,2024-03-03,,,15,B03,B,03,1359,A,1,1,3,0,TRUST-MDX_2024-03-03_PLT-15_WELL-B03_SAMP-1359_ALQ-A_PNT-1_RND-1_REP-3,2024-03-03 13:53:14,"[87.2, 15.4, 499.95674540000005]",N/A,N/A,-59,30.9,785,N PLAN 10x/0.25,LEICA,10.0,0.25,5.8,Air,200.0,7.5,1,-64,1,0,0,10.0,80.0,"[nan, nan]",43
TRUST-MDX,2024-03-03,,,15,B04,B,04,1360,A,1,1,1,0,TRUST-MDX_2024-03-03_PLT-15_WELL-B04_SAMP-1360_ALQ-A_PNT-1_RND-1_REP-1,2024-03-03 13:53:24,"[78.2, 15.4, 499.95674540000005]",N/A,N/A,-59,30.9,785,N PLAN 10x/0.25,LEICA,10.0,0.25,5.8,Air,200.0,7.5,1,-64,1,0,0,10.0,80.0,"[nan, nan]",43
TRUST-MDX,2024-03-03,,,15,B04,B,04,1360,A,1,1,2,0,TRUST-MDX_2024-03-03_PLT-15_WELL-B04_SAMP-1360_ALQ-A_PNT-1_RND-1_REP-2,2024-03-03 13:53:31,"[78.2, 15.4, 499.95674540000005]",N/A,N/A,-59,30.9,785,N PLAN 10x/0.25,LEICA,10.0,0.25,5.8,Air,200.0,7.5,1,-64,1,0,0,10.0,80.0,"[nan, nan]",43
TRUST-MDX,2024-03-03,,,15,B04,B,04,1360,A,1,1,3,0,TRUST-MDX_2024-03-03_PLT-15_WELL-B04_SAMP-1360_ALQ-A_PNT-1_RND-1_REP-3,2024-03-03 13:53:39,"[78.2, 15.4, 499.95674540000005]",N/A,N/A,-59,30.9,785,N PLAN 10x/0.25,LEICA,10.0,0.25,5.8,Air,200.0,7.5,1,-64,1,0,0,10.0,80.0,"[nan, nan]",43
TRUST-MDX,2024-03-03,,,15,B05,B,05,1361,A,1,1,1,0,TRUST-MDX_2024-03-03_PLT-15_WELL-B05_SAMP-1361_ALQ-A_PNT-1_RND-1_REP-1,2024-03-03 13:53:49,"[69.2, 15.4, 499.95674540000005]",N/A,N/A,-59,30.9,785,N PLAN 10x/0.25,LEICA,10.0,0.25,5.8,Air,200.0,7.5,1,-64,1,0,0,10.0,80.0,"[nan, nan]",43
TRUST-MDX,2024-03-03,,,15,B05,B,05,1361,A,1,1,2,0,TRUST-MDX_2024-03-03_PLT-15_WELL-B05_SAMP-1361_ALQ-A_PNT-1_RND-1_REP-2,2024-03-03 13:53:56,"[69.2, 15.4, 499.95674540000005]",N/A,N/A,-59,30.9,785,N PLAN 10x/0.25,LEICA,10.0,0.25,5.8,Air,200.0,7.5,1,-64,1,0,0,10.0,80.0,"[nan, nan]",43
TRUST-MDX,2024-03-03,,,15,B05,B,05,1361,A,1,1,3,0,TRUST-MDX_2024-03-03_PLT-15_WELL-B05_SAMP-1361_ALQ-A_PNT-1_RND-1_REP-3,2024-03-03 13:54:04,"[69.2, 15.4, 499.95674540000005]",N/A,N/A,-59,30.9,785,N PLAN 10x/0.25,LEICA,10.0,0.25,5.8,Air,200.0,7.5,1,-64,1,0,0,10.0,80.0,"[nan, nan]",43
TRUST-MDX,2024-03-03,,,15,B06,B,06,1362,A,1,1,1,0,TRUST-MDX_2024-03-03_PLT-15_WELL-B06_SAMP-1362_ALQ-A_PNT-1_RND-1_REP-1,2024-03-03 13:54:14,"[60.2, 15.4, 499.95674540000005]",N/A,N/A,-59,30.9,785,N PLAN 10x/0.25,LEICA,10.0,0.25,5.8,Air,200.0,7.5,1,-64,1,0,0,10.0,80.0,"[nan, nan]",43
TRUST-MDX,2024-03-03,,,15,B06,B,06,1362,A,1,1,2,0,TRUST-MDX_2024-03-03_PLT-15_WELL-B06_SAMP-1362_ALQ-A_PNT-1_RND-1_REP-2,2024-03-03 13:54:21,"[60.2, 15.4, 499.95674540000005]",N/A,N/A,-59,30.9,785,N PLAN 10x/0.25,LEICA,10.0,0.25,5.8,Air,200.0,7.5,1,-64,1,0,0,10.0,80.0,"[nan, nan]",43
TRUST-MDX,2024-03-03,,,15,B06,B,06,1362,A,1,1,3,0,TRUST-MDX_2024-03-03_PLT-15_WELL-B06_SAMP-1362_ALQ-A_PNT-1_RND-1_REP-3,2024-03-03 13:54:29,"[60.2, 15.4, 499.95674540000005]",N/A,N/A,-59,30.9,785,N PLAN 10x/0.25,LEICA,10.0,0.25,5.8,Air,200.0,7.5,1,-64,1,0,0,10.0,80.0,"[nan, nan]",43
TRUST-MDX,2024-03-03,,,15,B07,B,07,1363,A,1,1,1,0,TRUST-MDX_2024-03-03_PLT-15_WELL-B07_SAMP-1363_ALQ-A_PNT-1_RND-1_REP-1,2024-03-03 13:54:39,"[51.2, 15.4, 499.95674540000005]",N/A,N/A,-59,30.9,785,N PLAN 10x/0.25,LEICA,10.0,0.25,5.8,Air,200.0,7.5,1,-64,1,0,0,10.0,80.0,"[nan, nan]",43
TRUST-MDX,2024-03-03,,,15,B07,B,07,1363,A,1,1,2,0,TRUST-MDX_2024-03-03_PLT-15_WELL-B07_SAMP-1363_ALQ-A_PNT-1_RND-1_REP-2,2024-03-03 13:54:46,"[51.2, 15.4, 499.95674540000005]",N/A,N/A,-59,30.9,785,N PLAN 10x/0.25,LEICA,10.0,0.25,5.8,Air,200.0,7.5,1,-64,1,0,0,10.0,80.0,"[nan, nan]",43
TRUST-MDX,2024-03-03,,,15,B07,B,07,1363,A,1,1,3,0,TRUST-MDX_2024-03-03_PLT-15_WELL-B07_SAMP-1363_ALQ-A_PNT-1_RND-1_REP-3,2024-03-03 13:54:54,"[51.2, 15.4, 499.95674540000005]",N/A,N/A,-59,30.9,785,N PLAN 10x/0.25,LEICA,10.0,0.25,5.8,Air,200.0,7.5,1,-64,1,0,0,10.0,80.0,"[nan, nan]",43
TRUST-MDX,2024-03-03,,,15,B08,B,08,1364,A,1,1,1,0,TRUST-MDX_2024-03-03_PLT-15_WELL-B08_SAMP-1364_ALQ-A_PNT-1_RND-1_REP-1,2024-03-03 13:55:03,"[42.2, 15.4, 499.95674540000005]",N/A,N/A,-59,30.9,785,N PLAN 10x/0.25,LEICA,10.0,0.25,5.8,Air,200.0,7.5,1,-64,1,0,0,10.0,80.0,"[nan, nan]",43
TRUST-MDX,2024-03-03,,,15,B08,B,08,1364,A,1,1,2,0,TRUST-MDX_2024-03-03_PLT-15_WELL-B08_SAMP-1364_ALQ-A_PNT-1_RND-1_REP-2,2024-03-03 13:55:11,"[42.2, 15.4, 499.95674540000005]",N/A,N/A,-59,30.9,785,N PLAN 10x/0.25,LEICA,10.0,0.25,5.8,Air,200.0,7.5,1,-64,1,0,0,10.0,80.0,"[nan, nan]",43
TRUST-MDX,2024-03-03,,,15,B08,B,08,1364,A,1,1,3,0,TRUST-MDX_2024-03-03_PLT-15_WELL-B08_SAMP-1364_ALQ-A_PNT-1_RND-1_REP-3,2024-03-03 13:55:19,"[42.2, 15.4, 499.95674540000005]",N/A,N/A,-59,30.9,785,N PLAN 10x/0.25,LEICA,10.0,0.25,5.8,Air,200.0,7.5,1,-64,1,0,0,10.0,80.0,"[nan, nan]",43
TRUST-MDX,2024-03-03,,,15,B09,B,09,1365,A,1,1,1,0,TRUST-MDX_2024-03-03_PLT-15_WELL-B09_SAMP-1365_ALQ-A_PNT-1_RND-1_REP-1,2024-03-03 13:55:28,"[33.2, 15.4, 499.95674540000005]",N/A,N/A,-59,30.9,785,N PLAN 10x/0.25,LEICA,10.0,0.25,5.8,Air,200.0,7.5,1,-64,1,0,0,10.0,80.0,"[nan, nan]",43
TRUST-MDX,2024-03-03,,,15,B09,B,09,1365,A,1,1,2,0,TRUST-MDX_2024-03-03_PLT-15_WELL-B09_SAMP-1365_ALQ-A_PNT-1_RND-1_REP-2,2024-03-03 13:55:36,"[33.2, 15.4, 499.95674540000005]",N/A,N/A,-59,30.9,785,N PLAN 10x/0.25,LEICA,10.0,0.25,5.8,Air,200.0,7.5,1,-64,1,0,0,10.0,80.0,"[nan, nan]",43
TRUST-MDX,2024-03-03,,,15,B09,B,09,1365,A,1,1,3,0,TRUST-MDX_2024-03-03_PLT-15_WELL-B09_SAMP-1365_ALQ-A_PNT-1_RND-1_REP-3,2024-03-03 13:55:44,"[33.2, 15.4, 499.95674540000005]",N/A,N/A,-59,30.9,785,N PLAN 10x/0.25,LEICA,10.0,0.25,5.8,Air,200.0,7.5,1,-64,1,0,0,10.0,80.0,"[nan, nan]",43
TRUST-MDX,2024-03-03,,,15,B10,B,10,1366,A,1,1,1,0,TRUST-MDX_2024-03-03_PLT-15_WELL-B10_SAMP-1366_ALQ-A_PNT-1_RND-1_REP-1,2024-03-03 13:55:53,"[24.2, 15.4, 499.95674540000005]",N/A,N/A,-59,30.9,785,N PLAN 10x/0.25,LEICA,10.0,0.25,5.8,Air,200.0,7.5,1,-64,1,0,0,10.0,80.0,"[nan, nan]",43
TRUST-MDX,2024-03-03,,,15,B10,B,10,1366,A,1,1,2,0,TRUST-MDX_2024-03-03_PLT-15_WELL-B10_SAMP-1366_ALQ-A_PNT-1_RND-1_REP-2,2024-03-03 13:56:01,"[24.2, 15.4, 499.95674540000005]",N/A,N/A,-59,30.9,785,N PLAN 10x/0.25,LEICA,10.0,0.25,5.8,Air,200.0,7.5,1,-64,1,0,0,10.0,80.0,"[nan, nan]",43
TRUST-MDX,2024-03-03,,,15,B10,B,10,1366,A,1,1,3,0,TRUST-MDX_2024-03-03_PLT-15_WELL-B10_SAMP-1366_ALQ-A_PNT-1_RND-1_REP-3,2024-03-03 13:56:08,"[24.2, 15.4, 499.95674540000005]",N/A,N/A,-59,30.9,785,N PLAN 10x/0.25,LEICA,10.0,0.25,5.8,Air,200.0,7.5,1,-64,1,0,0,10.0,80.0,"[nan, nan]",43
TRUST-MDX,2024-03-03,,,15,B11,B,11,1367,A,1,1,1,0,TRUST-MDX_2024-03-03_PLT-15_WELL-B11_SAMP-1367_ALQ-A_PNT-1_RND-1_REP-1,2024-03-03 13:56:18,"[15.2, 15.4, 499.95674540000005]",N/A,N/A,-59,30.9,785,N PLAN 10x/0.25,LEICA,10.0,0.25,5.8,Air,200.0,7.5,1,-64,1,0,0,10.0,80.0,"[nan, nan]",43
TRUST-MDX,2024-03-03,,,15,B11,B,11,1367,A,1,1,2,0,TRUST-MDX_2024-03-03_PLT-15_WELL-B11_SAMP-1367_ALQ-A_PNT-1_RND-1_REP-2,2024-03-03 13:56:26,"[15.2, 15.4, 499.95674540000005]",N/A,N/A,-59,30.9,785,N PLAN 10x/0.25,LEICA,10.0,0.25,5.8,Air,200.0,7.5,1,-64,1,0,0,10.0,80.0,"[nan, nan]",43
TRUST-MDX,2024-03-03,,,15,B11,B,11,1367,A,1,1,3,0,TRUST-MDX_2024-03-03_PLT-15_WELL-B11_SAMP-1367_ALQ-A_PNT-1_RND-1_REP-3,2024-03-03 13:56:33,"[15.2, 15.4, 499.95674540000005]",N/A,N/A,-59,30.9,785,N PLAN 10x/0.25,LEICA,10.0,0.25,5.8,Air,200.0,7.5,1,-64,1,0,0,10.0,80.0,"[nan, nan]",43
TRUST-MDX,2024-03-03,,,15,B12,B,12,1368,A,1,1,1,0,TRUST-MDX_2024-03-03_PLT-15_WELL-B12_SAMP-1368_ALQ-A_PNT-1_RND-1_REP-1,2024-03-03 13:56:43,"[6.2, 15.4, 499.95674540000005]",N/A,N/A,-59,30.9,785,N PLAN 10x/0.25,LEICA,10.0,0.25,5.8,Air,200.0,7.5,1,-64,1,0,0,10.0,80.0,"[nan, nan]",43
TRUST-MDX,2024-03-03,,,15,B12,B,12,1368,A,1,1,2,0,TRUST-MDX_2024-03-03_PLT-15_WELL-B12_SAMP-1368_ALQ-A_PNT-1_RND-1_REP-2,2024-03-03 13:56:51,"[6.2, 15.4, 499.95674540000005]",N/A,N/A,-59,30.9,785,N PLAN 10x/0.25,LEICA,10.0,0.25,5.8,Air,200.0,7.5,1,-64,1,0,0,10.0,80.0,"[nan, nan]",43
TRUST-MDX,2024-03-03,,,15,B12,B,12,1368,A,1,1,3,0,TRUST-MDX_2024-03-03_PLT-15_WELL-B12_SAMP-1368_ALQ-A_PNT-1_RND-1_REP-3,2024-03-03 13:56:58,"[6.2, 15.4, 499.95674540000005]",N/A,N/A,-59,30.9,785,N PLAN 10x/0.25,LEICA,10.0,0.25,5.8,Air,200.0,7.5,1,-64,1,0,0,10.0,80.0,"[nan, nan]",43
TRUST-MDX,2024-03-03,,,15,C01,C,01,1369,A,1,1,1,0,TRUST-MDX_2024-03-03_PLT-15_WELL-C01_SAMP-1369_ALQ-A_PNT-1_RND-1_REP-1,2024-03-03 13:57:10,"[105.2, 24.4, 499.95674540000005]",N/A,N/A,-59,30.9,785,N PLAN 10x/0.25,LEICA,10.0,0.25,5.8,Air,200.0,7.5,1,-64,1,0,0,10.0,80.0,"[nan, nan]",43
TRUST-MDX,2024-03-03,,,15,C01,C,01,1369,A,1,1,2,0,TRUST-MDX_2024-03-03_PLT-15_WELL-C01_SAMP-1369_ALQ-A_PNT-1_RND-1_REP-2,2024-03-03 13:57:17,"[105.2, 24.4, 499.95674540000005]",N/A,N/A,-59,30.9,785,N PLAN 10x/0.25,LEICA,10.0,0.25,5.8,Air,200.0,7.5,1,-64,1,0,0,10.0,80.0,"[nan, nan]",43
TRUST-MDX,2024-03-03,,,15,C01,C,01,1369,A,1,1,3,0,TRUST-MDX_2024-03-03_PLT-15_WELL-C01_SAMP-1369_ALQ-A_PNT-1_RND-1_REP-3,2024-03-03 13:57:25,"[105.2, 24.4, 499.95674540000005]",N/A,N/A,-59,30.9,785,N PLAN 10x/0.25,LEICA,10.0,0.25,5.8,Air,200.0,7.5,1,-64,1,0,0,10.0,80.0,"[nan, nan]",43
TRUST-MDX,2024-03-03,,,15,C02,C,02,1370,A,1,1,1,0,TRUST-MDX_2024-03-03_PLT-15_WELL-C02_SAMP-1370_ALQ-A_PNT-1_RND-1_REP-1,2024-03-03 13:57:34,"[96.2, 24.4, 499.95674540000005]",N/A,N/A,-59,30.9,785,N PLAN 10x/0.25,LEICA,10.0,0.25,5.8,Air,200.0,7.5,1,-64,1,0,0,10.0,80.0,"[nan, nan]",43
TRUST-MDX,2024-03-03,,,15,C02,C,02,1370,A,1,1,2,0,TRUST-MDX_2024-03-03_PLT-15_WELL-C02_SAMP-1370_ALQ-A_PNT-1_RND-1_REP-2,2024-03-03 13:57:42,"[96.2, 24.4, 500.1684121]",N/A,N/A,-59,30.9,785,N PLAN 10x/0.25,LEICA,10.0,0.25,5.8,Air,200.0,7.5,1,-64,1,0,0,10.0,80.0,"[nan, nan]",43
TRUST-MDX,2024-03-03,,,15,C02,C,02,1370,A,1,1,3,0,TRUST-MDX_2024-03-03_PLT-15_WELL-C02_SAMP-1370_ALQ-A_PNT-1_RND-1_REP-3,2024-03-03 13:57:50,"[96.2, 24.4, 499.95674540000005]",N/A,N/A,-59,30.9,785,N PLAN 10x/0.25,LEICA,10.0,0.25,5.8,Air,200.0,7.5,1,-64,1,0,0,10.0,80.0,"[nan, nan]",43
TRUST-MDX,2024-03-03,,,15,C03,C,03,1371,A,1,1,1,0,TRUST-MDX_2024-03-03_PLT-15_WELL-C03_SAMP-1371_ALQ-A_PNT-1_RND-1_REP-1,2024-03-03 13:57:59,"[87.2, 24.4, 499.95674540000005]",N/A,N/A,-59,30.9,785,N PLAN 10x/0.25,LEICA,10.0,0.25,5.8,Air,200.0,7.5,1,-64,1,0,0,10.0,80.0,"[nan, nan]",43
TRUST-MDX,2024-03-03,,,15,C03,C,03,1371,A,1,1,2,0,TRUST-MDX_2024-03-03_PLT-15_WELL-C03_SAMP-1371_ALQ-A_PNT-1_RND-1_REP-2,2024-03-03 13:58:07,"[87.2, 24.4, 499.95674540000005]",N/A,N/A,-59,30.9,785,N PLAN 10x/0.25,LEICA,10.0,0.25,5.8,Air,200.0,7.5,1,-64,1,0,0,10.0,80.0,"[nan, nan]",43
TRUST-MDX,2024-03-03,,,15,C03,C,03,1371,A,1,1,3,0,TRUST-MDX_2024-03-03_PLT-15_WELL-C03_SAMP-1371_ALQ-A_PNT-1_RND-1_REP-3,2024-03-03 13:58:15,"[87.2, 24.4, 499.95674540000005]",N/A,N/A,-59,30.9,785,N PLAN 10x/0.25,LEICA,10.0,0.25,5.8,Air,200.0,7.5,1,-64,1,0,0,10.0,80.0,"[nan, nan]",43
TRUST-MDX,2024-03-03,,,15,C04,C,04,1372,A,1,1,1,0,TRUST-MDX_2024-03-03_PLT-15_WELL-C04_SAMP-1372_ALQ-A_PNT-1_RND-1_REP-1,2024-03-03 13:58:24,"[78.2, 24.4, 499.95674540000005]",N/A,N/A,-59,30.9,785,N PLAN 10x/0.25,LEICA,10.0,0.25,5.8,Air,200.0,7.5,1,-64,1,0,0,10.0,80.0,"[nan, nan]",43
TRUST-MDX,2024-03-03,,,15,C04,C,04,1372,A,1,1,2,0,TRUST-MDX_2024-03-03_PLT-15_WELL-C04_SAMP-1372_ALQ-A_PNT-1_RND-1_REP-2,2024-03-03 13:58:32,"[78.2, 24.4, 499.95674540000005]",N/A,N/A,-59,30.9,785,N PLAN 10x/0.25,LEICA,10.0,0.25,5.8,Air,200.0,7.5,1,-64,1,0,0,10.0,80.0,"[nan, nan]",43
TRUST-MDX,2024-03-03,,,15,C04,C,04,1372,A,1,1,3,0,TRUST-MDX_2024-03-03_PLT-15_WELL-C04_SAMP-1372_ALQ-A_PNT-1_RND-1_REP-3,2024-03-03 13:58:39,"[78.2, 24.4, 499.95674540000005]",N/A,N/A,-59,30.9,785,N PLAN 10x/0.25,LEICA,10.0,0.25,5.8,Air,200.0,7.5,1,-64,1,0,0,10.0,80.0,"[nan, nan]",43
TRUST-MDX,2024-03-03,,,15,C05,C,05,1373,A,1,1,1,0,TRUST-MDX_2024-03-03_PLT-15_WELL-C05_SAMP-1373_ALQ-A_PNT-1_RND-1_REP-1,2024-03-03 13:58:49,"[69.2, 24.4, 499.95674540000005]",N/A,N/A,-59,30.9,785,N PLAN 10x/0.25,LEICA,10.0,0.25,5.8,Air,200.0,7.5,1,-64,1,0,0,10.0,80.0,"[nan, nan]",43
TRUST-MDX,2024-03-03,,,15,C05,C,05,1373,A,1,1,2,0,TRUST-MDX_2024-03-03_PLT-15_WELL-C05_SAMP-1373_ALQ-A_PNT-1_RND-1_REP-2,2024-03-03 13:58:57,"[69.2, 24.4, 499.95674540000005]",N/A,N/A,-59,30.9,785,N PLAN 10x/0.25,LEICA,10.0,0.25,5.8,Air,200.0,7.5,1,-64,1,0,0,10.0,80.0,"[nan, nan]",43
TRUST-MDX,2024-03-03,,,15,C05,C,05,1373,A,1,1,3,0,TRUST-MDX_2024-03-03_PLT-15_WELL-C05_SAMP-1373_ALQ-A_PNT-1_RND-1_REP-3,2024-03-03 13:59:04,"[69.2, 24.4, 499.95674540000005]",N/A,N/A,-59,30.9,785,N PLAN 10x/0.25,LEICA,10.0,0.25,5.8,Air,200.0,7.5,1,-64,1,0,0,10.0,80.0,"[nan, nan]",43
TRUST-MDX,2024-03-03,,,15,C06,C,06,1374,A,1,1,1,0,TRUST-MDX_2024-03-03_PLT-15_WELL-C06_SAMP-1374_ALQ-A_PNT-1_RND-1_REP-1,2024-03-03 13:59:14,"[60.2, 24.4, 499.95674540000005]",N/A,N/A,-59,30.9,785,N PLAN 10x/0.25,LEICA,10.0,0.25,5.8,Air,200.0,7.5,1,-64,1,0,0,10.0,80.0,"[nan, nan]",43
TRUST-MDX,2024-03-03,,,15,C06,C,06,1374,A,1,1,2,0,TRUST-MDX_2024-03-03_PLT-15_WELL-C06_SAMP-1374_ALQ-A_PNT-1_RND-1_REP-2,2024-03-03 13:59:22,"[60.2, 24.4, 499.95674540000005]",N/A,N/A,-59,30.9,785,N PLAN 10x/0.25,LEICA,10.0,0.25,5.8,Air,200.0,7.5,1,-64,1,0,0,10.0,80.0,"[nan, nan]",43
TRUST-MDX,2024-03-03,,,15,C06,C,06,1374,A,1,1,3,0,TRUST-MDX_2024-03-03_PLT-15_WELL-C06_SAMP-1374_ALQ-A_PNT-1_RND-1_REP-3,2024-03-03 13:59:29,"[60.2, 24.4, 499.95674540000005]",N/A,N/A,-59,30.9,785,N PLAN 10x/0.25,LEICA,10.0,0.25,5.8,Air,200.0,7.5,1,-64,1,0,0,10.0,80.0,"[nan, nan]",43
TRUST-MDX,2024-03-03,,,15,C07,C,07,1375,A,1,1,1,0,TRUST-MDX_2024-03-03_PLT-15_WELL-C07_SAMP-1375_ALQ-A_PNT-1_RND-1_REP-1,2024-03-03 13:59:39,"[51.2, 24.4, 499.95674540000005]",N/A,N/A,-59,30.9,785,N PLAN 10x/0.25,LEICA,10.0,0.25,5.8,Air,200.0,7.5,1,-64,1,0,0,10.0,80.0,"[nan, nan]",43
TRUST-MDX,2024-03-03,,,15,C07,C,07,1375,A,1,1,2,0,TRUST-MDX_2024-03-03_PLT-15_WELL-C07_SAMP-1375_ALQ-A_PNT-1_RND-1_REP-2,2024-03-03 13:59:46,"[51.2, 24.4, 499.95674540000005]",N/A,N/A,-59,30.9,785,N PLAN 10x/0.25,LEICA,10.0,0.25,5.8,Air,200.0,7.5,1,-64,1,0,0,10.0,80.0,"[nan, nan]",43
TRUST-MDX,2024-03-03,,,15,C07,C,07,1375,A,1,1,3,0,TRUST-MDX_2024-03-03_PLT-15_WELL-C07_SAMP-1375_ALQ-A_PNT-1_RND-1_REP-3,2024-03-03 13:59:54,"[51.2, 24.4, 499.95674540000005]",N/A,N/A,-59,30.9,785,N PLAN 10x/0.25,LEICA,10.0,0.25,5.8,Air,200.0,7.5,1,-64,1,0,0,10.0,80.0,"[nan, nan]",43
TRUST-MDX,2024-03-03,,,15,C08,C,08,1376,A,1,1,1,0,TRUST-MDX_2024-03-03_PLT-15_WELL-C08_SAMP-1376_ALQ-A_PNT-1_RND-1_REP-1,2024-03-03 14:00:04,"[42.2, 24.4, 499.95674540000005]",N/A,N/A,-59,30.9,785,N PLAN 10x/0.25,LEICA,10.0,0.25,5.8,Air,200.0,7.5,1,-64,1,0,0,10.0,80.0,"[nan, nan]",43
TRUST-MDX,2024-03-03,,,15,C08,C,08,1376,A,1,1,2,0,TRUST-MDX_2024-03-03_PLT-15_WELL-C08_SAMP-1376_ALQ-A_PNT-1_RND-1_REP-2,2024-03-03 14:00:11,"[42.2, 24.4, 499.95674540000005]",N/A,N/A,-59,30.9,785,N PLAN 10x/0.25,LEICA,10.0,0.25,5.8,Air,200.0,7.5,1,-64,1,0,0,10.0,80.0,"[nan, nan]",43
TRUST-MDX,2024-03-03,,,15,C08,C,08,1376,A,1,1,3,0,TRUST-MDX_2024-03-03_PLT-15_WELL-C08_SAMP-1376_ALQ-A_PNT-1_RND-1_REP-3,2024-03-03 14:00:19,"[42.2, 24.4, 499.95674540000005]",N/A,N/A,-59,30.9,785,N PLAN 10x/0.25,LEICA,10.0,0.25,5.8,Air,200.0,7.5,1,-64,1,0,0,10.0,80.0,"[nan, nan]",43
